<?xml version="1.0" encoding="utf-8"?>

<!--
@name     OpenCart
@package  Seo Common Urls|Seo Pro
@author   Andrii Burkatskyi, ocmod.space@gmail.com
@version  1.0.2
@link     https://www.ocmod.space/seo-common-urls
@link     https://www.opencart.com/index.php?route=marketplace/extension/info&extension_id=45444
@link     https://github.com/ocmod-space/ocmod-seo-common-urls
@licence  https://raw.githubusercontent.com/ocmod-space/ocmod-seo-common-urls/main/LICENSE.txt
-->

<modification>
    <name>/ocmod.space/seo_common_urls/seo_pro</name>
    <code>seo-common-urls--seo_pro</code>
    <version>1.0.2</version>
    <author>Andrii Burkatskyi</author>
    <link>https://www.opencart.com/index.php?route=marketplace/extension&amp;filter_member=ocmod.space</link>

	<file path="catalog/controller/startup/seo_pro.php" error="log">
		<operation error="log">
			<search>
				<![CDATA[array_push($parts, $last_part);]]>
			</search>
			<add position="after">
				<![CDATA[
			/// <<< /ocmod.space/seo_common_urls/seo_pro
			if ($this->config->get('module_seo_common_urls_status') && count($parts) > 1) {
				$complex_path = implode('/', $parts);

				$query = $this->db->query(
					"SELECT * FROM `" . DB_PREFIX . "seo_url`
					WHERE
						`keyword` = '" . $this->db->escape($complex_path) . "'
						AND `store_id` = " . (int)$this->config->get('config_store_id') . "
					LIMIT 1"
				);

				if ($query->num_rows && $query->row['query']) {
					$complex_parts = explode('=', $query->row['query']);

					if (count($complex_parts) == 1) {
						$this->request->get['route'] =  $query->row['query'];
						$parts = array();
					}

				}
			}
			/// >>> /ocmod.space/seo_common_urls/seo_pro]]>
			</add>
		</operation>

		<operation error="log">
			<search>
				<![CDATA[parse_str($component['query'], $data);]]>
			</search>
			<add position="after"><![CDATA[
		/// <<< /ocmod.space/seo_common_urls/seo_pro
		if ($this->config->get('module_seo_common_urls_status') && isset($data['route'])) {
			// if ($data['route'] == 'common/home') {
			//	return $this->config->get('site_url') . (isset($url_info['port']) ? ':' . $url_info['port'] : '');
			// }

			$common_routes = array_keys($this->config->get('module_seo_common_urls')['common_urls']);

			if (in_array($data['route'], $common_routes )) {
				$sql = "
					SELECT * FROM `" . DB_PREFIX . "seo_url`
					WHERE
						`query` = '" . $this->db->escape($data['route']) . "'
					 	AND `store_id` = " . (int)$this->config->get('config_store_id') . "
						AND `language_id` = " . (int)$this->config->get('config_language_id');

				$query = $this->db->query($sql);

				if ($query->num_rows && $query->row['keyword']) {
					$url = $query->row['keyword'];

					unset($data['route']);

					if (!empty($this->languages[$code]['code']) && $this->languages[$code]['code'] != $this->config_language) {
						$lang_prefix = $code . '/';
					} else{
						$lang_prefix = '';
					}


					$url = $lang_prefix . trim($url, '/');

					if ($component['scheme'] == 'https') {
						$url = $this->config->get('config_ssl') . $url;
					} else {
						$url = $this->config->get('config_url') . $url;
					}


					if (isset($postfix)) {
						$url .= trim($this->config->get('config_seo_url_postfix'));
					} else {
						// $url .= '/';
					}

					if(substr($url, -2) == '//') {
						$url = substr($url, 0, -1);
					}

					if (count($data)) {
						$url .= '?' . urldecode(http_build_query($data, '', '&amp;'));
					}

					return $url;
				}
			}
		}
		/// >>> /ocmod.space/seo_common_urls/seo_pro]]>
			</add>
		</operation>

		<operation error="log">
			<search>
				<![CDATA[$this->response->redirect($this->cache_data['queries'][$route_], '301');]]>
			</search>
			<add position="replace"><![CDATA[
				/// <<< /ocmod.space/seo_common_urls/seo_pro
				$common_routes = array_keys($this->config->get('module_seo_common_urls')['common_urls']);

				if (!in_array($route_, $common_routes )) {
					$this->response->redirect($this->cache_data['queries'][$route_], '301');
				}
				/// >>> /ocmod.space/seo_common_urls/seo_pro]]>
			</add>
		</operation>
	</file>
</modification>
