<?xml version="1.0" encoding="utf-8"?>

<!--
@name     Seo Common Urls
@author   Andrii Burkatskyi, ocmod.space@gmail.com
@version  1.0.1
@link     https://www.opencart.com/index.php?route=marketplace/extension/info&extension_id=45444
@link     https://github.com/ocmod-space/ocmod-seo-common-urls
@licence  https://raw.githubusercontent.com/ocmod-space/ocmod-seo-common-urls/main/EULA.txt
-->

<modification>
    <name>#ocmod.space: seo-common-urls</name>
    <code>seo-common-urls</code>
    <version>1.0.1</version>
    <author>Andrii Burkatskyi</author>
    <link>https://www.opencart.com/index.php?route=marketplace/extension&amp;filter_member=ocmod.space</link>

    <file path="catalog/controller/startup/seo_url.php" error="log">
        <operation error="log" info="3.x">
            <search info="">
                <![CDATA[foreach ($parts as $part)]]>
            </search>
            <add position="before"><![CDATA[
			/// << seo-common-urls
			if (count($parts) > 1) {
				$complex_path = implode('/', $parts);

				$query = $this->db->query(
					'SELECT * FROM `' . DB_PREFIX . 'seo_url` ' .
					'WHERE ' .
						'`keyword` = ' . "'" . $this->db->escape($complex_path) . "' " .
						'AND `store_id` = ' . (int)$this->config->get('config_store_id') . ' ' .
					'LIMIT 1'
				);

				if ($query->num_rows && $query->row['query']) {
					$complex_parts = explode('=', $query->row['query']);

					if (count($complex_parts) == 1) {
						$this->request->get['route'] =  $query->row['query'];
						$parts = array();
					}

				}
			}
			/// >> seo-common-urls]]></add>
        </operation>
        <operation error="log" info="3.x">
            <search info="">
                <![CDATA[} elseif ($key == 'path') {]]>
            </search>
            <add position="before"><![CDATA[
				/// << seo-common-urls
				} elseif ($key == 'route') {
					if ($data['route'] == 'common/home') {
						return $this->config->get('site_url');
					} else {
						$sql =
							'SELECT * FROM `' . DB_PREFIX . 'seo_url` ' .
							'WHERE ' .
								'`query` = ' . "'" . $this->db->escape($value) . "' " .
							 	'AND `store_id` = ' . (int)$this->config->get('config_store_id') . ' ' .
								'AND `language_id` = ' . (int)$this->config->get('config_language_id');

						$query = $this->db->query($sql);

						if ($query->num_rows && $query->row['keyword']) {
							$url .= '/' . $query->row['keyword'];
						}
					}
				/// >> seo-common-urls]]></add>
        </operation>
    </file>

</modification>
