<?xml version="1.0" encoding="utf-8"?>

<!--
@name     Seo Common Urls
@author   Andrii Burkatskyi, ocmod.space@gmail.com
@version  1.0.0
@link     https://www.opencart.com/index.php?route=marketplace/extension/info&extension_id=45444
@link     https://github.com/ocmod-space/ocmod-seo-common-urls
@licence  https://raw.githubusercontent.com/ocmod-space/ocmod-seo-common-urls/main/EULA.txt
-->

<modification>
    <name>#ocmod.space: seo-common-urls</name>
    <code>seo-common-urls</code>
    <version>1.0.0</version>
    <author>Andrii Burkatskyi</author>
    <link>https://www.opencart.com/index.php?route=marketplace/extension&amp;filter_member=ocmod.space</link>

    <file path="catalog/controller/startup/seo_url.php" error="log">
        <operation error="log" info="3.x">
            <search info="">
                <![CDATA[$this->request->get['route'] = 'error/not_found';]]>
            </search>
            <add position="before"><![CDATA[
					/// << seo-common-urls
					$common_url = implode('/', $parts);
					if ($common_url != $part) {
						$query = $this->db->query(
							'SELECT * FROM `' . DB_PREFIX . 'seo_url` ' .
							'WHERE ' .
								'`keyword` = ' . "'" . $this->db->escape($common_url) . "' " .
								'AND `store_id` = ' . (int)$this->config->get('config_store_id') . ' ' .
							'LIMIT 1'
						);

						if ($query->num_rows && $query->row['query']) {
							$this->request->get['route'] =  $query->row['query'];

							break;
						}
					}
					/// >> seo-common-urls]]></add>
        </operation>
        <operation error="log" info="3.x">
            <search info="">
                <![CDATA[} elseif ($key == 'path') {]]>
            </search>
            <add position="before"><![CDATA[
				/// << seo-common-urls
				} elseif ($key == 'route') {
					if ($data['route'] == 'common/home') {
						return $this->config->get('site_url');
					} else {
						$sql =
							'SELECT * FROM `' . DB_PREFIX . 'seo_url` ' .
							'WHERE ' .
								'`query` = ' . "'" . $this->db->escape($value) . "' " .
							 	'AND `store_id` = ' . (int)$this->config->get('config_store_id') . ' ' .
								'AND `language_id` = ' . (int)$this->config->get('config_language_id');

						$query = $this->db->query($sql);

						if ($query->num_rows && $query->row['keyword']) {
							$url .= '/' . $query->row['keyword'];
						}
					}
				/// >> seo-common-urls]]></add>
        </operation>
    </file>

</modification>
